{
  "Resources": {
    "HelloHandler123ServiceRole8B95A03C": {
      "Type": "AWS::IAM::Role",
      "Properties": {
        "AssumeRolePolicyDocument": {
          "Statement": [
            {
              "Action": "sts:AssumeRole",
              "Effect": "Allow",
              "Principal": {
                "Service": {
                  "Fn::Join": [
                    "",
                    [
                      "lambda.",
                      {
                        "Ref": "AWS::URLSuffix"
                      }
                    ]
                  ]
                }
              }
            }
          ],
          "Version": "2012-10-17"
        },
        "ManagedPolicyArns": [
          {
            "Fn::Join": [
              "",
              [
                "arn:",
                {
                  "Ref": "AWS::Partition"
                },
                ":iam::aws:policy/service-role/AWSLambdaBasicExecutionRole"
              ]
            ]
          }
        ]
      },
      "Metadata": {
        "aws:cdk:path": "CdkWorkshopStack/HelloHandler123/ServiceRole/Resource"
      }
    },
    "HelloHandler123D1CD2E35": {
      "Type": "AWS::Lambda::Function",
      "Properties": {
        "Code": {
          "S3Bucket": {
            "Ref": "HelloHandler123CodeS3Bucket8AFB70E9"
          },
          "S3Key": {
            "Fn::Join": [
              "",
              [
                {
                  "Fn::Select": [
                    0,
                    {
                      "Fn::Split": [
                        "||",
                        {
                          "Ref": "HelloHandler123CodeS3VersionKey0807CF8D"
                        }
                      ]
                    }
                  ]
                },
                {
                  "Fn::Select": [
                    1,
                    {
                      "Fn::Split": [
                        "||",
                        {
                          "Ref": "HelloHandler123CodeS3VersionKey0807CF8D"
                        }
                      ]
                    }
                  ]
                }
              ]
            ]
          }
        },
        "Handler": "index.handler",
        "Role": {
          "Fn::GetAtt": [
            "HelloHandler123ServiceRole8B95A03C",
            "Arn"
          ]
        },
        "Runtime": "nodejs8.10",
        "FunctionName": "HelloHandler123"
      },
      "DependsOn": [
        "HelloHandler123ServiceRole8B95A03C"
      ],
      "Metadata": {
        "aws:cdk:path": "CdkWorkshopStack/HelloHandler123/Resource",
        "aws:asset:path": "asset.76b6e7c7f3ff642deb10b988789f753c9ff566fb8187fa03c7dcdf523e7fe12a",
        "aws:asset:property": "Code"
      }
    },
    "HelloHandler123Version8BE0F12BD": {
      "Type": "AWS::Lambda::Version",
      "Properties": {
        "FunctionName": {
          "Ref": "HelloHandler123D1CD2E35"
        }
      },
      "Metadata": {
        "aws:cdk:path": "CdkWorkshopStack/HelloHandler123/Version8/Resource"
      }
    },
    "HelloHandler123ApiPermissionANY6255EBC6": {
      "Type": "AWS::Lambda::Permission",
      "Properties": {
        "Action": "lambda:InvokeFunction",
        "FunctionName": {
          "Fn::GetAtt": [
            "HelloHandler123D1CD2E35",
            "Arn"
          ]
        },
        "Principal": "apigateway.amazonaws.com",
        "SourceArn": {
          "Fn::Join": [
            "",
            [
              "arn:",
              {
                "Ref": "AWS::Partition"
              },
              ":execute-api:",
              {
                "Ref": "AWS::Region"
              },
              ":",
              {
                "Ref": "AWS::AccountId"
              },
              ":",
              {
                "Ref": "EndpointEEF1FD8F"
              },
              "/",
              {
                "Ref": "EndpointDeploymentStageprodB78BEEA0"
              },
              "/*/"
            ]
          ]
        }
      },
      "Metadata": {
        "aws:cdk:path": "CdkWorkshopStack/HelloHandler123/ApiPermission.ANY.."
      }
    },
    "HelloHandler123ApiPermissionTestANY6DBFE475": {
      "Type": "AWS::Lambda::Permission",
      "Properties": {
        "Action": "lambda:InvokeFunction",
        "FunctionName": {
          "Fn::GetAtt": [
            "HelloHandler123D1CD2E35",
            "Arn"
          ]
        },
        "Principal": "apigateway.amazonaws.com",
        "SourceArn": {
          "Fn::Join": [
            "",
            [
              "arn:",
              {
                "Ref": "AWS::Partition"
              },
              ":execute-api:",
              {
                "Ref": "AWS::Region"
              },
              ":",
              {
                "Ref": "AWS::AccountId"
              },
              ":",
              {
                "Ref": "EndpointEEF1FD8F"
              },
              "/test-invoke-stage/*/"
            ]
          ]
        }
      },
      "Metadata": {
        "aws:cdk:path": "CdkWorkshopStack/HelloHandler123/ApiPermission.Test.ANY.."
      }
    },
    "HelloHandler123ApiPermissionANYproxyEE56CB82": {
      "Type": "AWS::Lambda::Permission",
      "Properties": {
        "Action": "lambda:InvokeFunction",
        "FunctionName": {
          "Fn::GetAtt": [
            "HelloHandler123D1CD2E35",
            "Arn"
          ]
        },
        "Principal": "apigateway.amazonaws.com",
        "SourceArn": {
          "Fn::Join": [
            "",
            [
              "arn:",
              {
                "Ref": "AWS::Partition"
              },
              ":execute-api:",
              {
                "Ref": "AWS::Region"
              },
              ":",
              {
                "Ref": "AWS::AccountId"
              },
              ":",
              {
                "Ref": "EndpointEEF1FD8F"
              },
              "/",
              {
                "Ref": "EndpointDeploymentStageprodB78BEEA0"
              },
              "/*/{proxy+}"
            ]
          ]
        }
      },
      "Metadata": {
        "aws:cdk:path": "CdkWorkshopStack/HelloHandler123/ApiPermission.ANY..{proxy+}"
      }
    },
    "HelloHandler123ApiPermissionTestANYproxy0B262C59": {
      "Type": "AWS::Lambda::Permission",
      "Properties": {
        "Action": "lambda:InvokeFunction",
        "FunctionName": {
          "Fn::GetAtt": [
            "HelloHandler123D1CD2E35",
            "Arn"
          ]
        },
        "Principal": "apigateway.amazonaws.com",
        "SourceArn": {
          "Fn::Join": [
            "",
            [
              "arn:",
              {
                "Ref": "AWS::Partition"
              },
              ":execute-api:",
              {
                "Ref": "AWS::Region"
              },
              ":",
              {
                "Ref": "AWS::AccountId"
              },
              ":",
              {
                "Ref": "EndpointEEF1FD8F"
              },
              "/test-invoke-stage/*/{proxy+}"
            ]
          ]
        }
      },
      "Metadata": {
        "aws:cdk:path": "CdkWorkshopStack/HelloHandler123/ApiPermission.Test.ANY..{proxy+}"
      }
    },
    "alias68BF17F5": {
      "Type": "AWS::Lambda::Alias",
      "Properties": {
        "FunctionName": {
          "Ref": "HelloHandler123D1CD2E35"
        },
        "FunctionVersion": {
          "Fn::GetAtt": [
            "HelloHandler123Version8BE0F12BD",
            "Version"
          ]
        },
        "Name": "live"
      },
      "UpdatePolicy": {
        "CodeDeployLambdaAliasUpdate": {
          "ApplicationName": {
            "Ref": "BlueGreenDeploymentApplication36C892C0"
          },
          "DeploymentGroupName": {
            "Ref": "BlueGreenDeployment5C188134"
          },
          "BeforeAllowTrafficHook": {
            "Ref": "HelloPrehook3F0AC353"
          }
        }
      },
      "Metadata": {
        "aws:cdk:path": "CdkWorkshopStack/alias/Resource"
      }
    },
    "HelloPrehookServiceRoleA5A0A9DF": {
      "Type": "AWS::IAM::Role",
      "Properties": {
        "AssumeRolePolicyDocument": {
          "Statement": [
            {
              "Action": "sts:AssumeRole",
              "Effect": "Allow",
              "Principal": {
                "Service": {
                  "Fn::Join": [
                    "",
                    [
                      "lambda.",
                      {
                        "Ref": "AWS::URLSuffix"
                      }
                    ]
                  ]
                }
              }
            }
          ],
          "Version": "2012-10-17"
        },
        "ManagedPolicyArns": [
          {
            "Fn::Join": [
              "",
              [
                "arn:",
                {
                  "Ref": "AWS::Partition"
                },
                ":iam::aws:policy/service-role/AWSLambdaBasicExecutionRole"
              ]
            ]
          }
        ]
      },
      "Metadata": {
        "aws:cdk:path": "CdkWorkshopStack/HelloPrehook/ServiceRole/Resource"
      }
    },
    "HelloPrehookServiceRoleDefaultPolicyC1FC48A1": {
      "Type": "AWS::IAM::Policy",
      "Properties": {
        "PolicyDocument": {
          "Statement": [
            {
              "Action": "lambda:InvokeFunction",
              "Effect": "Allow",
              "Resource": {
                "Ref": "HelloHandler123Version8BE0F12BD"
              }
            },
            {
              "Action": "codedeploy:PutLifecycleEventHookExecutionStatus",
              "Effect": "Allow",
              "Resource": {
                "Fn::Join": [
                  "",
                  [
                    "arn:",
                    {
                      "Ref": "AWS::Partition"
                    },
                    ":codedeploy:",
                    {
                      "Ref": "AWS::Region"
                    },
                    ":",
                    {
                      "Ref": "AWS::AccountId"
                    },
                    ":deploymentgroup:",
                    {
                      "Ref": "BlueGreenDeploymentApplication36C892C0"
                    },
                    "/",
                    {
                      "Ref": "BlueGreenDeployment5C188134"
                    }
                  ]
                ]
              }
            }
          ],
          "Version": "2012-10-17"
        },
        "PolicyName": "HelloPrehookServiceRoleDefaultPolicyC1FC48A1",
        "Roles": [
          {
            "Ref": "HelloPrehookServiceRoleA5A0A9DF"
          }
        ]
      },
      "Metadata": {
        "aws:cdk:path": "CdkWorkshopStack/HelloPrehook/ServiceRole/DefaultPolicy/Resource"
      }
    },
    "HelloPrehook3F0AC353": {
      "Type": "AWS::Lambda::Function",
      "Properties": {
        "Code": {
          "S3Bucket": {
            "Ref": "HelloPrehookCodeS3Bucket1FA6D789"
          },
          "S3Key": {
            "Fn::Join": [
              "",
              [
                {
                  "Fn::Select": [
                    0,
                    {
                      "Fn::Split": [
                        "||",
                        {
                          "Ref": "HelloPrehookCodeS3VersionKey0ADA0A69"
                        }
                      ]
                    }
                  ]
                },
                {
                  "Fn::Select": [
                    1,
                    {
                      "Fn::Split": [
                        "||",
                        {
                          "Ref": "HelloPrehookCodeS3VersionKey0ADA0A69"
                        }
                      ]
                    }
                  ]
                }
              ]
            ]
          }
        },
        "Handler": "index_prehook.handler",
        "Role": {
          "Fn::GetAtt": [
            "HelloPrehookServiceRoleA5A0A9DF",
            "Arn"
          ]
        },
        "Runtime": "nodejs8.10",
        "Environment": {
          "Variables": {
            "NewVersion": {
              "Ref": "HelloHandler123Version8BE0F12BD"
            },
            "versionseq": {
              "Fn::GetAtt": [
                "HelloHandler123Version8BE0F12BD",
                "Version"
              ]
            }
          }
        },
        "FunctionName": "CodeDeployHook_hellopreTrafficHook"
      },
      "DependsOn": [
        "HelloPrehookServiceRoleDefaultPolicyC1FC48A1",
        "HelloPrehookServiceRoleA5A0A9DF"
      ],
      "Metadata": {
        "aws:cdk:path": "CdkWorkshopStack/HelloPrehook/Resource",
        "aws:asset:path": "asset.8e700851e1cf59d49cfbdcb5305c7a7945dc902e9d44c5608f6d72cc0a52c202",
        "aws:asset:property": "Code"
      }
    },
    "BlueGreenDeploymentApplication36C892C0": {
      "Type": "AWS::CodeDeploy::Application",
      "Properties": {
        "ComputePlatform": "Lambda"
      },
      "Metadata": {
        "aws:cdk:path": "CdkWorkshopStack/BlueGreenDeployment/Application/Resource"
      }
    },
    "BlueGreenDeploymentServiceRole225851FB": {
      "Type": "AWS::IAM::Role",
      "Properties": {
        "AssumeRolePolicyDocument": {
          "Statement": [
            {
              "Action": "sts:AssumeRole",
              "Effect": "Allow",
              "Principal": {
                "Service": {
                  "Fn::Join": [
                    "",
                    [
                      "codedeploy.",
                      {
                        "Ref": "AWS::Region"
                      },
                      ".",
                      {
                        "Ref": "AWS::URLSuffix"
                      }
                    ]
                  ]
                }
              }
            }
          ],
          "Version": "2012-10-17"
        },
        "ManagedPolicyArns": [
          {
            "Fn::Join": [
              "",
              [
                "arn:",
                {
                  "Ref": "AWS::Partition"
                },
                ":iam::aws:policy/service-role/AWSCodeDeployRoleForLambda"
              ]
            ]
          }
        ]
      },
      "Metadata": {
        "aws:cdk:path": "CdkWorkshopStack/BlueGreenDeployment/ServiceRole/Resource"
      }
    },
    "BlueGreenDeploymentServiceRoleDefaultPolicy7008FB0A": {
      "Type": "AWS::IAM::Policy",
      "Properties": {
        "PolicyDocument": {
          "Statement": [
            {
              "Action": "lambda:InvokeFunction",
              "Effect": "Allow",
              "Resource": {
                "Fn::GetAtt": [
                  "HelloPrehook3F0AC353",
                  "Arn"
                ]
              }
            }
          ],
          "Version": "2012-10-17"
        },
        "PolicyName": "BlueGreenDeploymentServiceRoleDefaultPolicy7008FB0A",
        "Roles": [
          {
            "Ref": "BlueGreenDeploymentServiceRole225851FB"
          }
        ]
      },
      "Metadata": {
        "aws:cdk:path": "CdkWorkshopStack/BlueGreenDeployment/ServiceRole/DefaultPolicy/Resource"
      }
    },
    "BlueGreenDeployment5C188134": {
      "Type": "AWS::CodeDeploy::DeploymentGroup",
      "Properties": {
        "ApplicationName": {
          "Ref": "BlueGreenDeploymentApplication36C892C0"
        },
        "ServiceRoleArn": {
          "Fn::GetAtt": [
            "BlueGreenDeploymentServiceRole225851FB",
            "Arn"
          ]
        },
        "AlarmConfiguration": {
          "Alarms": [
            {
              "Name": {
                "Ref": "AliasErrorMetricGreaterThanZeroAlarm968FB28A"
              }
            }
          ],
          "Enabled": true
        },
        "AutoRollbackConfiguration": {
          "Enabled": true,
          "Events": [
            "DEPLOYMENT_FAILURE",
            "DEPLOYMENT_STOP_ON_ALARM"
          ]
        },
        "DeploymentConfigName": "CodeDeployDefault.LambdaAllAtOnce",
        "DeploymentStyle": {
          "DeploymentOption": "WITH_TRAFFIC_CONTROL",
          "DeploymentType": "BLUE_GREEN"
        }
      },
      "Metadata": {
        "aws:cdk:path": "CdkWorkshopStack/BlueGreenDeployment/Resource"
      }
    },
    "AliasErrorMetricGreaterThanZeroAlarm968FB28A": {
      "Type": "AWS::CloudWatch::Alarm",
      "Properties": {
        "ComparisonOperator": "GreaterThanThreshold",
        "EvaluationPeriods": 2,
        "Threshold": 0,
        "AlarmDescription": "Alias Lambda Function Error > 0",
        "Dimensions": [
          {
            "Name": "FunctionName",
            "Value": {
              "Ref": "HelloHandler123D1CD2E35"
            }
          },
          {
            "Name": "Resource",
            "Value": {
              "Fn::Join": [
                "",
                [
                  {
                    "Fn::GetAtt": [
                      "HelloHandler123D1CD2E35",
                      "Arn"
                    ]
                  },
                  ":live"
                ]
              ]
            }
          }
        ],
        "MetricName": "Errors",
        "Namespace": "AWS/Lambda",
        "Period": 60,
        "Statistic": "Sum"
      },
      "Metadata": {
        "aws:cdk:path": "CdkWorkshopStack/AliasErrorMetricGreaterThanZeroAlarm/Resource"
      }
    },
    "EndpointEEF1FD8F": {
      "Type": "AWS::ApiGateway::RestApi",
      "Properties": {
        "Name": "Endpoint"
      },
      "Metadata": {
        "aws:cdk:path": "CdkWorkshopStack/Endpoint/Resource"
      }
    },
    "EndpointDeployment318525DA4da0f530bf312010c41644ed922bbb7e": {
      "Type": "AWS::ApiGateway::Deployment",
      "Properties": {
        "RestApiId": {
          "Ref": "EndpointEEF1FD8F"
        },
        "Description": "Automatically created by the RestApi construct"
      },
      "DependsOn": [
        "EndpointproxyANYC09721C5",
        "Endpointproxy39E2174E",
        "EndpointANY485C938B"
      ],
      "Metadata": {
        "aws:cdk:path": "CdkWorkshopStack/Endpoint/Deployment/Resource"
      }
    },
    "EndpointDeploymentStageprodB78BEEA0": {
      "Type": "AWS::ApiGateway::Stage",
      "Properties": {
        "RestApiId": {
          "Ref": "EndpointEEF1FD8F"
        },
        "DeploymentId": {
          "Ref": "EndpointDeployment318525DA4da0f530bf312010c41644ed922bbb7e"
        },
        "StageName": "prod"
      },
      "Metadata": {
        "aws:cdk:path": "CdkWorkshopStack/Endpoint/DeploymentStage.prod/Resource"
      }
    },
    "EndpointCloudWatchRoleC3C64E0F": {
      "Type": "AWS::IAM::Role",
      "Properties": {
        "AssumeRolePolicyDocument": {
          "Statement": [
            {
              "Action": "sts:AssumeRole",
              "Effect": "Allow",
              "Principal": {
                "Service": {
                  "Fn::Join": [
                    "",
                    [
                      "apigateway.",
                      {
                        "Ref": "AWS::URLSuffix"
                      }
                    ]
                  ]
                }
              }
            }
          ],
          "Version": "2012-10-17"
        },
        "ManagedPolicyArns": [
          {
            "Fn::Join": [
              "",
              [
                "arn:",
                {
                  "Ref": "AWS::Partition"
                },
                ":iam::aws:policy/service-role/AmazonAPIGatewayPushToCloudWatchLogs"
              ]
            ]
          }
        ]
      },
      "Metadata": {
        "aws:cdk:path": "CdkWorkshopStack/Endpoint/CloudWatchRole/Resource"
      }
    },
    "EndpointAccountB8304247": {
      "Type": "AWS::ApiGateway::Account",
      "Properties": {
        "CloudWatchRoleArn": {
          "Fn::GetAtt": [
            "EndpointCloudWatchRoleC3C64E0F",
            "Arn"
          ]
        }
      },
      "DependsOn": [
        "EndpointEEF1FD8F"
      ],
      "Metadata": {
        "aws:cdk:path": "CdkWorkshopStack/Endpoint/Account"
      }
    },
    "Endpointproxy39E2174E": {
      "Type": "AWS::ApiGateway::Resource",
      "Properties": {
        "ParentId": {
          "Fn::GetAtt": [
            "EndpointEEF1FD8F",
            "RootResourceId"
          ]
        },
        "PathPart": "{proxy+}",
        "RestApiId": {
          "Ref": "EndpointEEF1FD8F"
        }
      },
      "Metadata": {
        "aws:cdk:path": "CdkWorkshopStack/Endpoint/Default/{proxy+}/Resource"
      }
    },
    "EndpointproxyANYC09721C5": {
      "Type": "AWS::ApiGateway::Method",
      "Properties": {
        "HttpMethod": "ANY",
        "ResourceId": {
          "Ref": "Endpointproxy39E2174E"
        },
        "RestApiId": {
          "Ref": "EndpointEEF1FD8F"
        },
        "AuthorizationType": "NONE",
        "Integration": {
          "IntegrationHttpMethod": "POST",
          "Type": "AWS_PROXY",
          "Uri": {
            "Fn::Join": [
              "",
              [
                "arn:",
                {
                  "Ref": "AWS::Partition"
                },
                ":apigateway:",
                {
                  "Ref": "AWS::Region"
                },
                ":lambda:path/2015-03-31/functions/",
                {
                  "Fn::GetAtt": [
                    "HelloHandler123D1CD2E35",
                    "Arn"
                  ]
                },
                "/invocations"
              ]
            ]
          }
        }
      },
      "Metadata": {
        "aws:cdk:path": "CdkWorkshopStack/Endpoint/Default/{proxy+}/ANY/Resource"
      }
    },
    "EndpointANY485C938B": {
      "Type": "AWS::ApiGateway::Method",
      "Properties": {
        "HttpMethod": "ANY",
        "ResourceId": {
          "Fn::GetAtt": [
            "EndpointEEF1FD8F",
            "RootResourceId"
          ]
        },
        "RestApiId": {
          "Ref": "EndpointEEF1FD8F"
        },
        "AuthorizationType": "NONE",
        "Integration": {
          "IntegrationHttpMethod": "POST",
          "Type": "AWS_PROXY",
          "Uri": {
            "Fn::Join": [
              "",
              [
                "arn:",
                {
                  "Ref": "AWS::Partition"
                },
                ":apigateway:",
                {
                  "Ref": "AWS::Region"
                },
                ":lambda:path/2015-03-31/functions/",
                {
                  "Fn::GetAtt": [
                    "HelloHandler123D1CD2E35",
                    "Arn"
                  ]
                },
                "/invocations"
              ]
            ]
          }
        }
      },
      "Metadata": {
        "aws:cdk:path": "CdkWorkshopStack/Endpoint/Default/ANY/Resource"
      }
    }
  },
  "Parameters": {
    "HelloHandler123CodeS3Bucket8AFB70E9": {
      "Type": "String",
      "Description": "S3 bucket for asset \"CdkWorkshopStack/HelloHandler123/Code\""
    },
    "HelloHandler123CodeS3VersionKey0807CF8D": {
      "Type": "String",
      "Description": "S3 key for asset version \"CdkWorkshopStack/HelloHandler123/Code\""
    },
    "HelloHandler123CodeArtifactHash2294741A": {
      "Type": "String",
      "Description": "Artifact hash for asset \"CdkWorkshopStack/HelloHandler123/Code\""
    },
    "HelloPrehookCodeS3Bucket1FA6D789": {
      "Type": "String",
      "Description": "S3 bucket for asset \"CdkWorkshopStack/HelloPrehook/Code\""
    },
    "HelloPrehookCodeS3VersionKey0ADA0A69": {
      "Type": "String",
      "Description": "S3 key for asset version \"CdkWorkshopStack/HelloPrehook/Code\""
    },
    "HelloPrehookCodeArtifactHash7B4C1DD9": {
      "Type": "String",
      "Description": "Artifact hash for asset \"CdkWorkshopStack/HelloPrehook/Code\""
    }
  },
  "Outputs": {
    "Endpoint8024A810": {
      "Value": {
        "Fn::Join": [
          "",
          [
            "https://",
            {
              "Ref": "EndpointEEF1FD8F"
            },
            ".execute-api.",
            {
              "Ref": "AWS::Region"
            },
            ".",
            {
              "Ref": "AWS::URLSuffix"
            },
            "/",
            {
              "Ref": "EndpointDeploymentStageprodB78BEEA0"
            },
            "/"
          ]
        ]
      }
    }
  }
}